time,tavg,tmin,tmax,prcp,snow,wdir,wspd,wpgt,pres,tsun
2020-11-17,13.8,12.0,15.0,0.0,,228.8,20.0,38.9,1020.3,
2020-11-18,13.3,10.0,17.0,0.5,,218.0,19.8,40.8,1016.1,
2020-11-19,9.1,6.0,11.0,1.4,,275.5,18.9,46.3,1026.0,
2020-11-20,7.5,4.0,11.0,0.5,,221.1,11.8,29.6,1032.8,
2020-11-21,11.9,11.0,13.0,0.0,,240.8,22.5,40.8,1026.1,
2020-11-22,10.7,8.0,12.0,0.4,,266.7,11.5,27.8,1026.3,
2020-11-23,7.9,5.0,10.0,0.0,,206.2,7.4,22.2,1026.7,
2020-11-24,11.4,10.0,13.0,0.0,,189.3,13.2,29.6,1016.8,
2020-11-25,11.1,9.0,14.0,1.2,,213.0,11.4,24.1,1013.3,
2020-11-26,7.7,5.0,9.0,0.0,,15.2,4.1,16.7,1021.0,
2020-11-27,4.5,1.0,7.0,0.0,,45.2,5.3,20.4,1018.7,
2020-11-28,9.4,7.0,11.0,0.0,,79.4,12.0,22.2,1018.8,
2020-11-29,8.5,8.0,10.0,0.0,,25.3,6.5,18.5,1025.7,
2020-11-30,8.1,6.0,11.0,0.6,,264.0,14.8,35.2,1023.3,
2020-12-01,7.1,6.0,9.0,0.0,,327.3,13.8,31.5,1024.8,
2020-12-02,5.8,4.0,8.0,0.5,,270.1,9.0,20.4,1017.1,
2020-12-03,6.4,5.0,8.0,11.0,,192.4,11.3,27.8,989.0,
2020-12-04,5.0,4.0,6.0,4.0,,241.0,15.7,35.2,977.2,
2020-12-05,5.2,4.0,8.0,0.0,,106.6,13.8,27.8,991.5,
2020-12-06,4.2,2.0,6.0,0.0,,13.5,6.5,25.9,1001.3,
2020-12-07,2.0,1.0,3.0,0.7,,25.1,5.7,16.7,998.9,
2020-12-08,4.0,3.0,6.0,0.1,,270.9,6.2,18.5,1003.3,
2020-12-09,6.2,5.0,7.0,3.6,,231.1,12.7,25.9,1005.4,
2020-12-10,7.0,6.0,8.0,1.2,,113.7,14.2,27.8,999.4,
2020-12-11,9.8,8.0,12.0,6.9,,211.1,7.7,27.8,986.9,
2020-12-12,8.7,6.0,10.0,1.1,,265.1,15.8,33.3,999.0,
2020-12-13,8.0,4.0,12.0,8.0,,180.1,12.8,37.0,1002.2,
2020-12-14,11.4,10.0,13.0,5.1,,201.5,16.9,37.0,999.4,
2020-12-15,10.2,8.0,12.0,0.1,,191.0,12.3,27.8,1005.9,
2020-12-16,10.0,9.0,11.0,3.5,,156.6,14.7,37.0,1007.6,
2020-12-17,10.3,8.0,12.0,0.0,,219.2,13.1,33.3,1014.2,
2020-12-18,12.1,11.0,13.0,0.6,,193.9,21.4,42.6,1010.6,
2020-12-19,11.2,9.0,13.0,4.9,,194.1,19.1,38.9,1005.4,
2020-12-20,9.1,8.0,11.0,0.0,,215.0,15.7,37.0,1012.6,
2020-12-21,11.8,8.0,14.0,12.1,,198.4,17.1,42.6,1006.3,
2020-12-22,11.7,10.0,15.0,5.5,,232.2,13.8,46.3,1010.3,
2020-12-23,11.9,9.0,14.0,19.2,,188.3,10.5,29.6,1004.8,
2020-12-24,5.6,4.0,9.0,3.3,,339.1,18.6,42.6,1020.6,
2020-12-25,3.3,2.0,5.0,0.0,,287.6,14.0,38.9,1030.2,
2020-12-26,7.5,2.0,11.0,0.0,,233.3,21.9,64.8,1014.8,
2020-12-27,7.3,3.0,11.0,10.4,,234.4,21.0,70.4,976.7,
2020-12-28,2.9,1.0,4.0,0.0,,68.3,8.3,25.9,974.7,
2020-12-29,3.3,2.0,5.0,0.2,,310.3,10.4,24.1,990.1,
2020-12-30,3.5,2.0,6.0,0.0,,287.2,10.9,22.2,1002.1,
2020-12-31,1.0,0.0,2.0,0.0,,322.2,8.3,22.2,1005.3,
2021-01-01,2.7,0.0,5.0,0.5,,304.7,9.2,20.4,1011.2,
2021-01-02,4.1,2.0,6.0,0.0,,327.9,8.9,24.1,1015.5,
2021-01-03,3.8,1.0,7.0,0.6,,16.7,10.1,29.6,1017.4,
2021-01-04,4.4,3.0,5.0,2.6,,30.1,15.1,38.9,1019.1,
2021-01-05,3.8,3.0,5.0,2.2,,19.6,12.3,35.2,1019.5,
2021-01-06,4.2,2.0,6.0,1.7,,10.2,9.5,29.6,1019.0,
2021-01-07,1.9,-1.0,4.0,0.0,,293.8,10.7,22.2,1017.8,
2021-01-08,0.6,0.0,2.0,0.0,,322.2,7.1,18.5,1018.6,
2021-01-09,1.1,0.0,4.0,0.0,,332.1,5.2,18.5,1026.0,
2021-01-10,1.4,-1.0,5.0,0.0,,247.2,11.8,20.4,1025.4,
2021-01-11,7.3,4.0,9.0,0.9,,246.7,21.1,40.8,1016.9,
2021-01-12,7.1,4.0,10.0,2.9,,301.1,15.0,44.5,1013.9,
2021-01-13,6.3,3.0,10.0,3.6,,263.4,9.0,20.4,1017.9,
2021-01-14,4.4,3.0,6.0,26.0,,74.1,17.2,33.3,1016.8,
2021-01-15,2.5,1.0,4.0,0.0,,333.3,6.8,24.1,1029.5,
2021-01-16,5.3,2.0,8.0,8.8,,216.9,14.0,35.2,1019.9,
2021-01-17,6.4,4.0,8.0,0.3,,273.3,18.0,33.3,1023.4,
2021-01-18,5.8,4.0,9.0,0.7,,233.4,15.6,35.2,1020.8,
2021-01-19,10.8,9.0,12.0,4.4,,227.5,25.8,48.2,1003.6,
2021-01-20,10.2,9.0,11.0,3.1,,198.0,26.4,53.7,987.4,
2021-01-21,7.0,5.0,9.0,2.2,,239.9,24.3,55.5,984.8,
2021-01-22,4.6,2.0,8.0,1.3,,237.0,13.4,24.1,992.3,
2021-01-23,2.6,1.0,4.0,0.2,,272.4,12.4,25.9,995.5,
2021-01-24,1.0,-1.0,2.0,2.8,,95.0,10.7,31.5,997.1,
2021-01-25,2.1,-1.0,5.0,0.2,,289.6,14.7,31.5,1009.8,
2021-01-26,3.9,1.0,7.0,2.8,,214.4,12.8,29.6,1015.9,
2021-01-27,8.4,7.0,10.0,2.2,,236.4,9.0,24.1,1010.9,
2021-01-28,11.0,8.0,13.0,14.9,,234.7,16.6,46.3,1001.1,
2021-01-29,9.7,8.0,11.0,7.6,,254.8,19.8,42.6,998.2,
2021-01-30,5.3,3.0,8.0,17.1,,80.1,23.7,42.6,998.4,
2021-01-31,2.8,1.0,4.0,3.4,,76.6,16.0,35.2,997.7,
2021-02-01,4.0,3.0,5.0,0.2,,20.3,8.2,25.9,997.2,
2021-02-02,9.3,4.0,13.0,6.2,,206.5,16.6,35.2,994.7,
2021-02-03,9.0,7.0,11.0,7.0,,238.4,14.5,33.3,996.9,
2021-02-04,7.5,5.0,9.0,3.1,,179.8,8.6,24.1,1008.6,
2021-02-05,8.5,7.0,11.0,0.8,,196.1,9.7,20.4,1008.4,
2021-02-06,6.6,5.0,8.0,12.3,,71.9,8.6,33.3,1006.7,
2021-02-07,1.3,-1.0,4.0,7.8,,29.1,19.4,48.2,1004.2,
2021-02-08,-1.4,-2.0,-1.0,1.3,,29.7,13.8,38.9,1003.7,
2021-02-09,-0.3,-1.0,1.0,0.3,,59.8,14.5,29.6,1007.3,
2021-02-10,0.1,-2.0,2.0,0.0,,29.8,13.5,25.9,1016.2,
2021-02-11,-0.8,-2.0,0.0,0.0,,93.9,13.0,27.8,1027.5,
2021-02-12,-0.4,-2.0,1.0,0.0,,95.3,18.6,35.2,1030.8,
2021-02-13,-1.0,-4.0,2.0,0.0,,116.3,17.0,35.2,1032.9,
2021-02-14,2.7,1.0,4.0,0.8,,158.0,15.3,37.0,1026.1,
2021-02-15,8.8,5.0,12.0,0.7,,200.4,12.1,31.5,1018.4,
2021-02-16,9.7,8.0,10.0,1.6,,212.5,16.8,35.2,1010.1,
2021-02-17,10.3,8.0,12.0,3.2,,207.8,20.7,38.9,1010.1,
2021-02-18,9.0,6.0,11.0,2.0,,208.3,20.2,40.8,1004.1,
2021-02-19,9.1,6.0,13.0,0.4,,186.3,22.6,38.9,1008.4,
2021-02-20,13.9,12.0,16.0,0.1,,182.1,24.4,42.6,1003.6,
2021-02-21,12.0,9.0,15.0,0.0,,171.5,12.6,29.6,1008.6,
2021-02-22,10.0,8.0,12.0,0.5,,204.2,8.6,24.1,1015.3,
2021-02-23,11.0,7.0,14.0,0.0,,193.2,18.7,44.5,1023.4,
2021-02-24,13.5,12.0,16.0,0.0,,201.8,20.0,38.9,1022.7,
2021-02-25,11.0,8.0,13.0,0.0,,256.3,11.7,29.6,1027.0,
2021-02-26,7.7,3.0,12.0,0.0,,286.2,5.8,20.4,1037.3,
2021-02-27,7.2,3.0,12.0,0.0,,22.8,7.4,18.5,1040.8,
2021-02-28,5.5,3.0,10.0,0.0,,69.8,12.9,25.9,1037.3,
2021-03-01,5.8,4.0,8.0,0.0,,73.7,18.5,27.8,1032.3,
2021-03-02,5.5,4.0,8.0,0.0,,62.5,8.8,22.2,1030.1,
2021-03-03,5.1,4.0,7.0,2.5,,85.4,9.3,16.7,1027.6,
2021-03-04,5.2,4.0,6.0,1.8,,23.5,9.4,25.9,1025.2,
2021-03-05,4.5,2.0,6.0,0.0,,42.0,12.8,29.6,1032.1,
2021-03-06,4.1,3.0,6.0,0.0,,59.4,10.3,22.2,1033.7,
2021-03-07,3.6,1.0,6.0,0.0,,342.8,4.6,18.5,1027.5,
2021-03-08,5.4,1.0,10.0,0.1,,255.3,8.7,20.4,1023.6,
2021-03-09,8.0,4.0,13.0,0.0,,248.4,12.8,27.8,1019.7,
2021-03-10,8.2,7.0,11.0,7.6,,212.1,23.1,59.3,1007.1,
2021-03-11,10.0,6.0,12.0,0.9,,240.9,36.1,66.7,996.3,
2021-03-12,7.7,5.0,11.0,0.8,,233.8,24.9,57.4,1001.6,
2021-03-13,7.2,5.0,10.0,3.1,,251.1,32.3,63.0,995.6,
2021-03-14,8.0,5.0,10.0,1.3,,261.2,25.6,44.5,1012.8,
2021-03-15,9.2,8.0,10.0,0.9,,316.0,15.4,37.0,1020.6,
2021-03-16,9.7,8.0,13.0,1.6,,296.9,14.3,37.0,1027.5,
2021-03-17,7.3,6.0,10.0,1.4,,322.9,11.3,27.8,1032.8,
2021-03-18,7.2,5.0,9.0,2.7,,322.6,11.8,31.5,1028.7,
2021-03-19,7.4,5.0,10.0,0.3,,61.1,14.4,31.5,1028.2,
2021-03-20,7.5,3.0,10.0,0.0,,291.3,6.8,22.2,1030.2,
2021-03-21,8.4,5.0,10.0,0.1,,11.0,10.5,29.6,1028.8,
2021-03-22,9.3,6.0,14.0,0.0,,251.3,7.7,22.2,1026.3,
2021-03-23,8.5,5.0,13.0,0.0,,227.4,12.0,31.5,1024.4,
2021-03-24,9.4,5.0,13.0,0.0,,230.0,11.3,29.6,1020.9,
2021-03-25,9.5,5.0,13.0,0.7,,226.7,16.8,37.0,1018.7,
2021-03-26,9.3,6.0,13.0,2.8,,222.0,21.4,44.5,1010.5,
2021-03-27,8.0,4.0,12.0,0.0,,244.3,22.9,42.6,1018.9,
2021-03-28,,,,,,,,,,
2021-03-29,13.1,10.0,20.0,0.0,,232.1,19.2,38.9,1026.7,
2021-03-30,14.4,5.0,23.0,0.0,,160.8,7.0,22.2,1027.8,
2021-03-31,14.8,8.0,22.0,0.0,,167.7,5.4,22.2,1020.8,
2021-04-01,10.7,6.0,14.0,0.0,,35.6,15.7,33.3,1024.2,
2021-04-02,7.2,6.0,10.0,0.0,,32.6,17.4,35.2,1029.8,
2021-04-03,7.2,6.0,9.0,0.0,,23.3,13.6,33.3,1031.8,
2021-04-04,9.3,5.0,15.0,0.0,,292.2,11.8,27.8,1025.9,
2021-04-05,6.8,4.0,11.0,0.1,,312.3,21.0,42.6,1018.2,
2021-04-06,4.0,2.0,7.0,0.2,,314.0,17.9,40.8,1020.3,
2021-04-07,4.0,0.0,7.0,0.0,,285.4,17.3,31.5,1023.0,
2021-04-08,8.0,4.0,12.0,0.0,,236.2,16.5,35.2,1021.5,
2021-04-09,9.3,6.0,14.0,1.0,,257.9,13.6,27.8,1013.3,
2021-04-10,6.7,5.0,8.0,0.1,,67.7,17.9,33.3,1013.4,
2021-04-11,4.8,1.0,8.0,0.3,,338.0,11.4,29.6,1019.3,
2021-04-12,5.3,1.0,10.0,0.8,,248.9,8.3,22.2,1028.6,
2021-04-13,7.2,2.0,12.0,0.2,,232.6,8.3,22.2,1032.7,
2021-04-14,7.5,6.0,10.0,0.0,,83.8,11.0,27.8,1032.8,
2021-04-15,6.4,2.0,10.0,2.8,,62.2,11.7,31.5,1033.2,
2021-04-16,6.3,2.0,10.0,0.0,,62.6,8.9,22.2,1031.3,
2021-04-17,7.3,2.0,12.0,0.0,,67.2,10.3,24.1,1029.2,
2021-04-18,9.3,4.0,14.0,0.0,,80.2,6.8,20.4,1025.1,
2021-04-19,9.5,4.0,15.0,0.0,,92.3,9.5,20.4,1021.5,
2021-04-20,10.4,6.0,16.0,0.0,,84.7,10.0,18.5,1018.2,
2021-04-21,9.2,5.0,13.0,0.3,,85.4,14.6,33.3,1021.5,
2021-04-22,7.5,3.0,12.0,0.0,,78.4,16.7,27.8,1027.7,
2021-04-23,8.8,3.0,14.0,0.0,,78.1,17.2,33.3,1029.0,
2021-04-24,10.0,5.0,15.0,0.0,,76.7,18.4,33.3,1028.0,
2021-04-25,8.1,5.0,12.0,0.0,,68.9,20.4,37.0,1028.5,
2021-04-26,7.6,5.0,12.0,0.0,,72.4,20.0,29.6,1021.7,
2021-04-27,9.3,3.0,16.0,0.0,,65.9,10.1,18.5,1010.4,
2021-04-28,9.3,7.0,12.0,1.7,,44.7,16.1,33.3,1006.3,
2021-04-29,8.2,5.0,11.0,0.1,,337.6,12.6,29.6,1011.3,
2021-04-30,8.0,4.0,12.0,0.4,,277.0,7.5,20.4,1015.0,
2021-05-01,8.3,4.0,12.0,1.4,,26.6,8.9,24.1,1016.4,
2021-05-02,8.8,5.0,13.0,0.5,,219.4,7.7,24.1,1020.4,
2021-05-03,10.0,7.0,13.0,6.5,,218.7,23.6,59.3,1012.6,
2021-05-04,10.3,8.0,14.0,2.6,,264.6,32.4,61.1,999.5,
2021-05-05,7.5,5.0,12.0,4.7,,274.0,16.7,29.6,1008.6,
2021-05-06,7.9,4.0,12.0,1.1,,268.0,13.5,27.8,1007.1,
2021-05-07,10.3,6.0,15.0,0.0,,264.2,17.3,29.6,1015.3,
2021-05-08,12.3,7.0,16.0,10.2,,182.4,18.6,46.3,1005.9,
2021-05-09,16.8,13.0,20.0,1.4,,201.8,16.8,37.0,997.4,
2021-05-10,13.8,11.0,17.0,2.4,,209.0,19.8,48.2,1000.6,
2021-05-11,12.9,9.0,17.0,1.9,,180.3,14.6,33.3,1007.3,
2021-05-12,13.3,10.0,17.0,0.4,,199.1,14.1,27.8,1008.7,
2021-05-13,11.5,10.0,13.0,7.3,,85.0,14.8,27.8,1006.5,
2021-05-14,10.5,9.0,12.0,0.0,,47.9,9.1,25.9,1009.0,
2021-05-15,11.1,9.0,14.0,2.9,,135.9,9.2,22.2,1001.1,
2021-05-16,11.4,9.0,14.0,6.7,,211.9,11.0,29.6,998.1,
2021-05-17,11.8,11.0,15.0,4.5,,274.6,13.8,27.8,1004.8,
2021-05-18,11.8,8.0,16.0,3.1,,237.1,12.4,29.6,1013.2,
2021-05-19,12.5,10.0,17.0,3.6,,286.6,11.8,31.5,1017.4,
2021-05-20,11.8,8.0,14.0,0.4,,206.3,19.6,55.5,1013.1,
2021-05-21,11.8,11.0,13.0,1.2,,230.0,32.8,68.5,996.7,
2021-05-22,11.2,10.0,14.0,2.7,,258.6,16.2,38.9,1002.9,
2021-05-23,10.5,6.0,13.0,5.4,,209.9,19.3,42.6,1008.4,
2021-05-24,10.7,8.0,14.0,3.2,,218.1,16.5,33.3,1003.4,
2021-05-25,11.2,8.0,15.0,0.8,,252.9,19.8,42.6,1013.3,
2021-05-26,11.8,8.0,16.0,0.4,,286.1,14.8,31.5,1014.5,
2021-05-27,14.4,9.0,19.0,0.0,,46.9,10.0,20.4,1020.3,
2021-05-28,14.8,10.0,19.0,0.5,,93.0,11.2,20.4,1023.4,
2021-05-29,15.4,12.0,20.0,0.1,,89.2,15.3,25.9,1027.0,
2021-05-30,12.7,9.0,18.0,0.0,,84.6,17.2,27.8,1027.8,
2021-05-31,15.5,9.0,23.0,0.0,,83.2,16.4,31.5,1021.7,
2021-06-01,18.0,12.0,24.0,0.0,,82.5,18.3,35.2,1015.6,
2021-06-02,19.4,13.0,27.0,0.3,,86.4,16.2,29.6,1013.0,
2021-06-03,20.8,18.0,24.0,0.0,,250.5,13.7,27.8,1018.0,
2021-06-04,15.4,14.0,18.0,9.7,,328.5,9.5,25.9,1022.7,
2021-06-05,17.8,14.0,23.0,0.0,,281.4,7.9,24.1,1024.1,
2021-06-06,18.7,15.0,22.0,0.3,,227.0,10.0,20.4,1024.4,
2021-06-07,19.6,15.0,23.0,0.7,,204.6,10.7,24.1,1023.6,
2021-06-08,19.5,14.0,25.0,0.0,,233.7,10.7,24.1,1023.1,
2021-06-09,20.4,14.0,26.0,0.0,,242.8,15.4,31.5,1021.5,
2021-06-10,20.1,16.0,24.0,0.0,,240.9,13.2,31.5,1020.7,
2021-06-11,20.1,17.0,25.0,0.0,,246.6,17.0,35.2,1019.7,
2021-06-12,19.9,16.0,23.0,0.0,,308.0,12.5,25.9,1023.2,
2021-06-13,21.5,15.0,27.0,0.0,,168.8,7.8,24.1,1026.0,
2021-06-14,22.7,18.0,28.0,0.2,,276.1,11.4,27.8,1020.6,
2021-06-15,19.3,15.0,24.0,0.0,,69.9,14.3,27.8,1020.8,
2021-06-16,21.9,15.0,29.0,2.9,,166.4,11.7,27.8,1012.1,
2021-06-17,19.3,17.0,21.0,15.0,,17.3,8.3,25.9,1010.6,
2021-06-18,15.2,13.0,17.0,23.0,,7.1,11.6,37.0,1012.9,
2021-06-19,14.0,12.0,16.0,0.9,,31.8,12.3,27.8,1013.9,
2021-06-20,15.0,13.0,18.0,2.4,,52.0,10.7,27.8,1008.9,
2021-06-21,13.3,12.0,14.0,5.7,,50.7,16.3,37.0,1012.8,
2021-06-22,14.0,12.0,16.0,0.4,,36.8,13.8,37.0,1020.4,
2021-06-23,15.2,9.0,21.0,0.0,,51.2,9.9,24.1,1023.5,
2021-06-24,17.2,12.0,22.0,1.3,,256.2,9.6,24.1,1021.3,
2021-06-25,17.9,15.0,22.0,5.4,,242.0,12.9,22.2,1016.0,
2021-06-26,17.3,14.0,21.0,0.0,,85.0,12.1,25.9,1017.7,
2021-06-27,17.5,16.0,20.0,9.7,,68.4,14.4,31.5,1015.6,
2021-06-28,17.4,16.0,20.0,5.7,,52.3,9.8,25.9,1014.4,
2021-06-29,16.2,15.0,18.0,4.1,,11.8,10.8,29.6,1015.2,
2021-06-30,15.3,13.0,17.0,0.7,,325.1,11.1,24.1,1017.2,
2021-07-01,17.5,14.0,21.0,0.0,,336.3,7.8,22.2,1017.7,
2021-07-02,20.0,16.0,24.0,1.0,,223.0,8.2,22.2,1015.9,
2021-07-03,18.5,16.0,21.0,6.0,,186.3,13.1,31.5,1012.1,
2021-07-04,17.8,16.0,22.0,7.8,,204.1,15.2,27.8,1007.9,
2021-07-05,17.1,15.0,21.0,3.6,,211.5,15.8,31.5,1004.9,
2021-07-06,16.0,14.0,19.0,11.4,,210.7,20.5,48.2,1000.0,
2021-07-07,17.0,14.0,20.0,2.6,,214.2,17.8,35.2,1011.9,
2021-07-08,18.1,15.0,21.0,1.3,,228.7,12.4,24.1,1019.6,
2021-07-09,19.5,16.0,24.0,0.5,,233.9,12.2,24.1,1020.5,
2021-07-10,16.5,15.0,18.0,2.1,,210.1,6.9,16.7,1016.6,
2021-07-11,17.5,14.0,21.0,2.6,,201.4,9.2,24.1,1015.3,
2021-07-12,17.3,14.0,21.0,15.9,,76.0,9.1,18.5,1011.2,
2021-07-13,18.7,17.0,22.0,0.3,,337.8,10.2,31.5,1014.5,
2021-07-14,19.4,16.0,24.0,0.0,,315.6,12.5,35.2,1017.8,
2021-07-15,18.6,16.0,21.0,0.0,,334.8,13.2,37.0,1022.2,
2021-07-16,19.0,12.0,25.0,0.0,,12.7,10.7,33.3,1026.8,
2021-07-17,21.5,16.0,27.0,0.0,,67.1,9.9,24.1,1028.1,
2021-07-18,24.2,17.0,30.0,0.0,,24.9,7.2,24.1,1024.7,
2021-07-19,23.8,20.0,29.0,0.5,,93.2,10.3,24.1,1020.9,
2021-07-20,22.7,17.0,29.0,5.8,,92.9,10.5,24.1,1020.0,
2021-07-21,23.3,19.0,29.0,0.5,,91.7,10.9,24.1,1022.3,
2021-07-22,21.9,18.0,27.0,0.1,,86.2,13.8,27.8,1022.9,
2021-07-23,18.8,16.0,23.0,0.0,,78.8,20.5,37.0,1017.4,
2021-07-24,18.7,17.0,22.0,3.6,,66.8,16.1,31.5,1008.8,
2021-07-25,18.2,17.0,22.0,0.9,,8.0,7.5,25.9,1007.6,
2021-07-26,20.2,17.0,25.0,1.7,,286.2,7.1,24.1,1009.9,
2021-07-27,19.2,17.0,21.0,1.1,,222.5,14.2,25.9,1008.3,
2021-07-28,17.2,14.0,21.0,3.0,,236.7,18.4,44.5,1006.9,
2021-07-29,17.1,13.0,22.0,0.0,,241.8,21.9,42.6,1009.6,
2021-07-30,16.6,15.0,19.0,2.8,,207.1,21.2,53.7,1003.4,
2021-07-31,17.1,14.0,21.0,2.3,,251.0,15.9,29.6,1008.9,
2021-08-01,16.8,15.0,20.0,2.1,,251.6,10.9,22.2,1011.4,
2021-08-02,16.3,14.0,19.0,1.8,,123.3,8.2,20.4,1015.2,
2021-08-03,17.0,14.0,20.0,1.3,,114.5,10.4,24.1,1013.3,
2021-08-04,17.5,13.0,21.0,0.3,,111.4,7.2,22.2,1013.0,
2021-08-05,17.3,14.0,21.0,2.5,,186.8,13.8,37.0,1005.1,
2021-08-06,17.8,15.0,22.0,1.5,,230.9,20.1,48.2,998.6,
2021-08-07,16.5,15.0,20.0,7.9,,218.4,15.2,35.2,998.1,
2021-08-08,16.4,14.0,20.0,8.3,,235.8,21.6,44.5,1005.4,
2021-08-09,16.5,14.0,21.0,6.1,,230.6,15.2,35.2,1011.6,
2021-08-10,18.2,14.0,23.0,0.0,,245.3,14.4,27.8,1015.4,
2021-08-11,19.0,15.0,23.0,0.0,,225.0,14.4,29.6,1018.0,
2021-08-12,19.1,16.0,22.0,0.3,,221.7,14.6,33.3,1018.2,
2021-08-13,18.3,15.0,22.0,0.0,,239.2,17.0,38.9,1020.9,
2021-08-14,19.7,16.0,24.0,0.0,,239.6,14.8,31.5,1019.8,
2021-08-15,19.0,15.0,23.0,0.6,,233.9,16.2,38.9,1013.4,
2021-08-16,16.5,14.0,18.0,0.5,,287.8,20.4,38.9,1016.8,
2021-08-17,16.3,14.0,19.0,1.2,,264.2,16.3,35.2,1019.4,
2021-08-18,18.8,16.0,23.0,0.6,,256.5,18.4,33.3,1016.5,
2021-08-19,17.7,15.0,21.0,1.8,,236.7,14.5,27.8,1014.2,
2021-08-20,18.4,15.0,21.0,0.1,,239.3,13.2,24.1,1016.0,
2021-08-21,18.4,16.0,21.0,5.4,,151.1,8.5,22.2,1015.5,
2021-08-22,18.1,16.0,21.0,15.6,,283.6,13.2,33.3,1018.8,
2021-08-23,17.8,15.0,21.0,0.4,,22.1,10.9,31.5,1027.6,
2021-08-24,17.1,13.0,22.0,0.1,,73.1,14.2,33.3,1029.5,
2021-08-25,17.2,14.0,22.0,0.0,,19.5,10.1,27.8,1025.6,
2021-08-26,16.8,16.0,18.0,0.3,,359.1,13.6,35.2,1022.0,
2021-08-27,15.9,13.0,19.0,0.0,,346.6,11.8,27.8,1023.2,
2021-08-28,16.0,12.0,20.0,0.6,,10.3,9.1,35.2,1025.8,
2021-08-29,15.6,12.0,18.0,0.0,,351.4,9.3,31.5,1025.2,
2021-08-30,15.7,14.0,17.0,0.3,,2.7,12.3,35.2,1026.0,
2021-08-31,16.0,14.0,19.0,0.1,,13.9,12.0,33.3,1029.3,
2021-09-01,16.2,15.0,18.0,0.2,,34.3,11.6,29.6,1030.6,
2021-09-02,16.6,15.0,19.0,0.0,,57.4,14.6,31.5,1027.9,
2021-09-03,17.4,15.0,21.0,0.1,,78.3,14.0,25.9,1021.9,
2021-09-04,16.5,14.0,19.0,0.0,,68.3,14.3,24.1,1019.1,
2021-09-05,18.3,14.0,24.0,0.0,,78.9,12.0,22.2,1020.8,
2021-09-06,20.2,14.0,27.0,0.0,,66.6,6.1,18.5,1023.1,
2021-09-07,21.6,17.0,28.0,0.0,,84.3,11.4,27.8,1021.1,
2021-09-08,21.1,16.0,27.0,1.4,,88.1,15.5,33.3,1013.1,
2021-09-09,19.6,17.0,23.0,3.4,,208.2,11.6,29.6,1008.7,
2021-09-10,19.1,17.0,21.0,4.0,,216.3,11.5,31.5,1010.7,
2021-09-11,19.4,18.0,23.0,0.0,,248.5,15.8,33.3,1016.1,
2021-09-12,17.4,14.0,21.0,0.0,,187.7,8.7,18.5,1018.6,
2021-09-13,16.9,14.0,20.0,0.0,,79.1,17.1,27.8,1018.0,
2021-09-14,17.5,16.0,19.0,13.2,,61.3,9.4,24.1,1011.9,
2021-09-15,17.1,15.0,19.0,0.3,,335.3,6.7,25.9,1014.3,
2021-09-16,17.8,13.0,23.0,0.0,,236.8,10.1,24.1,1017.4,
2021-09-17,17.5,14.0,22.0,0.0,,209.8,10.0,27.8,1014.7,
2021-09-18,18.6,15.0,24.0,0.2,,114.7,9.3,24.1,1014.0,
2021-09-19,17.5,16.0,21.0,2.2,,328.1,7.5,20.4,1014.4,
2021-09-20,15.9,13.0,19.0,0.4,,334.0,10.5,31.5,1022.8,
2021-09-21,17.0,13.0,21.0,0.0,,298.3,4.0,18.5,1030.1,
2021-09-22,17.1,13.0,22.0,0.0,,239.2,11.1,29.6,1027.3,
2021-09-23,16.9,13.0,21.0,0.1,,244.6,16.0,37.0,1020.2,
2021-09-24,17.8,13.0,23.0,0.0,,237.5,14.5,33.3,1016.0,
2021-09-25,17.4,16.0,20.0,0.2,,239.5,6.7,18.5,1014.3,
2021-09-26,17.8,15.0,22.0,2.7,,195.7,10.6,31.5,1011.8,
2021-09-27,16.3,13.0,18.0,6.1,,212.9,20.2,51.8,1011.0,
2021-09-28,14.4,12.0,18.0,15.8,,194.0,14.2,35.2,1016.0,
2021-09-29,12.8,10.0,16.0,1.0,,266.3,21.2,48.2,1019.1,
2021-09-30,13.3,9.0,17.0,2.1,,217.1,19.0,48.2,1020.6,
2021-10-01,15.3,11.0,17.0,3.3,,231.0,19.3,44.5,1010.2,
2021-10-02,12.8,9.0,18.0,15.9,,168.9,16.1,42.6,998.8,
2021-10-03,13.3,11.0,17.0,1.4,,232.5,16.1,48.2,998.0,
2021-10-04,13.5,11.0,16.0,0.4,,204.0,16.1,38.9,1008.5,
2021-10-05,13.4,12.0,15.0,16.5,,240.7,22.4,57.4,1002.1,
2021-10-06,13.5,11.0,17.0,0.0,,264.8,21.7,48.2,1018.5,
2021-10-07,15.8,13.0,18.0,0.1,,217.6,8.3,24.1,1026.3,
2021-10-08,15.8,13.0,18.0,0.2,,152.4,6.6,14.8,1029.6,
2021-10-09,13.3,9.0,18.0,0.0,,99.8,5.1,16.7,1028.6,
2021-10-10,13.8,10.0,18.0,0.1,,303.2,7.9,25.9,1029.4,
2021-10-11,12.3,9.0,16.0,0.0,,306.0,8.7,24.1,1030.3,
2021-10-12,12.1,9.0,16.0,0.5,,282.8,10.8,29.6,1025.8,
2021-10-13,12.3,8.0,16.0,0.0,,261.2,7.7,22.2,1027.9,
2021-10-14,14.5,12.0,17.0,0.1,,244.7,15.0,35.2,1023.6,
2021-10-15,13.3,11.0,14.0,0.0,,331.4,11.9,25.9,1020.5,
2021-10-16,11.7,9.0,15.0,0.6,,142.5,7.5,20.4,1020.6,
2021-10-17,14.0,11.0,17.0,0.9,,198.5,8.8,25.9,1017.6,
2021-10-18,14.2,10.0,18.0,7.1,,170.0,11.5,31.5,1016.4,
2021-10-19,18.3,17.0,20.0,1.4,,220.0,21.7,51.8,1011.9,
2021-10-20,16.1,11.0,18.0,26.0,,222.5,22.2,48.2,998.6,
2021-10-21,10.1,8.0,12.0,9.7,,287.5,21.9,46.3,1007.4,
2021-10-22,10.0,7.0,13.0,0.0,,250.8,20.4,40.8,1020.8,
2021-10-23,11.8,10.0,14.0,0.1,,204.7,9.9,25.9,1025.0,
2021-10-24,13.2,12.0,15.0,0.0,,174.9,13.0,33.3,1018.4,
2021-10-25,13.5,11.0,17.0,2.4,,229.8,11.6,31.5,1015.2,
2021-10-26,13.7,10.0,17.0,0.0,,228.7,14.1,38.9,1018.2,
2021-10-27,15.7,14.0,17.0,0.0,,221.7,20.6,48.2,1018.3,
2021-10-28,14.2,13.0,16.0,0.0,,192.8,15.9,37.0,1009.3,
2021-10-29,14.0,11.0,16.0,5.2,,181.8,17.1,46.3,999.0,
2021-10-30,12.1,10.0,15.0,4.7,,192.8,13.4,33.3,997.3,
2021-10-31,12.2,10.0,15.0,12.8,,185.7,20.0,51.8,993.5,
2021-11-01,10.7,8.0,14.0,0.0,,232.9,17.2,42.6,994.6,
2021-11-02,8.1,5.0,12.0,0.0,,235.9,7.5,16.7,999.0,
2021-11-03,7.0,3.0,10.0,0.4,,283.2,9.3,27.8,1004.5,
2021-11-04,8.0,6.0,10.0,0.0,,308.2,15.0,42.6,1014.9,
2021-11-05,7.0,2.0,10.0,0.0,,248.8,11.5,22.2,1026.4,
2021-11-06,11.6,10.0,13.0,0.0,,241.2,20.5,44.5,1024.3,
2021-11-07,11.1,9.0,13.0,0.1,,270.1,18.5,42.6,1021.1,
2021-11-08,9.2,5.0,12.0,0.1,,234.2,11.4,20.4,1023.5,
2021-11-09,13.2,11.0,16.0,0.0,,228.0,11.5,27.8,1023.4,
2021-11-10,12.3,10.0,13.0,0.0,,228.3,7.7,20.4,1023.2,
2021-11-11,12.3,10.0,16.0,0.0,,211.0,9.4,20.4,1022.5,
2021-11-12,12.5,10.0,15.0,0.7,,216.9,16.9,37.0,1011.6,
2021-11-13,12.3,12.0,13.0,0.0,,290.3,15.4,31.5,1015.7,
2021-11-14,11.8,11.0,14.0,0.1,,20.2,10.2,25.9,1024.0,
2021-11-15,11.0,11.0,12.0,0.0,,355.2,4.5,16.7,1026.9,
2021-11-16,10.2,7.0,12.0,1.0,,245.3,7.8,18.5,1022.5,
2021-11-17,9.9,8.0,12.0,0.0,,252.3,12.4,24.1,1024.3,
